	{ 
		
		"bigrock1": [
			
				{
					"density": 1, "friction": 0, "bounce": 0, 
					"filter": { "categoryBits": 1, "maskBits": 65535 },
					"shape": [   11.4130430221558, 12.5652179718018  ,  34, 0  ,  65.2173919677734, 13.6521739959717  ,  76, 28  ,  42, 39  ,  1, 33  ]
				}  
		]
		
		, 
		"bigrock2": [
			
				{
					"density": 1, "friction": 0, "bounce": 0, 
					"filter": { "categoryBits": 1, "maskBits": 65535 },
					"shape": [   37, 31  ,  1, 27  ,  14, 4  ,  50, 4  ,  60, 25  ]
				}  
		]
		
		, 
		"bridgeE_base": [
			
				{
					"density": 1, "friction": 0, "bounce": 0, 
					"filter": { "categoryBits": 1, "maskBits": 65535 },
					"shape": [   106, 119  ,  280, 118  ,  350, 164  ,  352, 218  ,  36, 219  ,  37, 161  ]
				}  
		]
		
		, 
		"bridgeE_top": [
			
				{
					"density": 1, "friction": 0, "bounce": 0, 
					"filter": { "categoryBits": 1, "maskBits": 65535 },
					"shape": [   44, 216  ,  103, 126  ,  280, 126  ,  347, 217  ]
				}  
		]
		
		, 
		"bridgeNE_base": [
			
				{
					"density": 1, "friction": 0, "bounce": 0, 
					"filter": { "categoryBits": 1, "maskBits": 65535 },
					"shape": [   108, 163  ,  232, 88  ,  277, 102  ,  329, 139  ,  110, 291  ,  59, 258  ]
				}  
		]
		
		, 
		"bridgeNE_top": [
			
				{
					"density": 1, "friction": 0, "bounce": 0, 
					"filter": { "categoryBits": 1, "maskBits": 65535 },
					"shape": [   329, 140  ,  106, 279  ,  109, 169  ,  237, 89  ]
				}  
		]
		
		, 
		"bridgeSE_base": [
			
				{
					"density": 1, "friction": 0, "bounce": 0, 
					"filter": { "categoryBits": 1, "maskBits": 65535 },
					"shape": [   284, 286  ,  55, 138  ,  109, 99  ,  153, 86  ,  280, 167  ,  329, 255  ]
				}  
		]
		
		, 
		"bridgeSE_top": [
			
				{
					"density": 1, "friction": 0, "bounce": 0, 
					"filter": { "categoryBits": 1, "maskBits": 65535 },
					"shape": [   63, 135  ,  151, 87  ,  279, 172  ,  279, 280  ]
				}  
		]
		
		, 
		"bush1": [
			
				{
					"density": 0.6, "friction": 0, "bounce": 0, 
					"filter": { "categoryBits": 3, "maskBits": 65535 },
					"shape": [   11, 32  ,  70, 32  ,  77, 49  ,  38, 63  ,  3, 53  ]
				}  
		]
		
		, 
		"crag1": [
			
				{
					"density": 1, "friction": 0, "bounce": 0, 
					"filter": { "categoryBits": 3, "maskBits": 65535 },
					"shape": [   24, 107  ,  284, 106  ,  299, 141  ,  274, 168  ,  124, 182  ,  43, 171  ,  11, 146  ]
				}  
		]
		
		, 
		"crag2": [
			
				{
					"density": 1, "friction": 0, "bounce": 0, 
					"filter": { "categoryBits": 3, "maskBits": 65535 },
					"shape": [   7, 92  ,  252, 92  ,  186, 150  ,  55, 148  ,  1, 125  ]
				}  ,
				{
					"density": 1, "friction": 0, "bounce": 0, 
					"filter": { "categoryBits": 3, "maskBits": 65535 },
					"shape": [   186, 150  ,  252, 92  ,  262, 119  ]
				}  
		]
		
		, 
		"perehod_base": [
			
				{
					"density": 1, "friction": 0, "bounce": 0, 
					"filter": { "categoryBits": 1, "maskBits": 65535 },
					"shape": [   177, 23  ,  205, 23  ,  302, 63  ,  305, 93  ,  83, 93  ,  84, 61  ]
				}  
		]
		
		, 
		"perehod_top": [
			
				{
					"density": 1, "friction": 0, "bounce": 0, 
					"filter": { "categoryBits": 17, "maskBits": 65535 },
					"shape": [   205, 23  ,  204, 87  ,  176, 87  ,  177, 21  ]
				}  ,
				{
					"density": 1, "friction": 0, "bounce": 0, 
					"filter": { "categoryBits": 17, "maskBits": 65535 },
					"shape": [   300, 157  ,  81, 157  ,  80, 128  ,  176, 87  ,  204, 87  ,  298, 126  ]
				}  
		]
		
		, 
		"pine1": [
			
				{
					"density": 0.7, "friction": 0, "bounce": 0, 
					"filter": { "categoryBits": 3, "maskBits": 65535 },
					"shape": [   33, 86  ,  2, 72  ,  19, 59  ,  46, 60  ,  63, 73  ]
				}  
		]
		
		, 
		"pond1": [
			
				{
					"density": 1, "friction": 0, "bounce": 0, 
					"filter": { "categoryBits": 1, "maskBits": 65535 },
					"shape": [   289, 57  ,  171, 115  ,  64, 108  ,  121, 31  ,  191, 11  ,  268, 10  ,  299, 32  ]
				}  ,
				{
					"density": 1, "friction": 0, "bounce": 0, 
					"filter": { "categoryBits": 1, "maskBits": 65535 },
					"shape": [   64, 108  ,  1, 55  ,  16, 37  ,  121, 31  ]
				}  
		]
		
		, 
		"smallcrag1": [
			
				{
					"density": 1, "friction": 0, "bounce": 0, 
					"filter": { "categoryBits": 1, "maskBits": 65535 },
					"shape": [   31, 44  ,  0, 41  ,  6, 13  ,  21, 1  ,  52, 13  ,  61, 40  ]
				}  
		]
		
		, 
		"smallcrag2": [
			
				{
					"density": 1, "friction": 0, "bounce": 0, 
					"filter": { "categoryBits": 1, "maskBits": 65535 },
					"shape": [   32, 38  ,  2, 36  ,  7, 17  ,  23.3695640563965, 0.152175903320312  ,  47, 17  ,  56, 32  ]
				}  
		]
		
		, 
		"smallrock1": [
			
				{
					"density": 1, "friction": 0, "bounce": 0, 
					"filter": { "categoryBits": 1, "maskBits": 65535 },
					"shape": [   16.8831176757812, 1.87878799438477  ,  24, 10  ,  2, 11  ,  5, 1  ]
				}  
		]
		
		, 
		"smallrock2": [
			
				{
					"density": 1, "friction": 0, "bounce": 0, 
					"filter": { "categoryBits": 1, "maskBits": 65535 },
					"shape": [   25, 5  ,  26, 15  ,  3, 14  ,  10, 0  ]
				}  
		]
		
		, 
		"smallrock3": [
			
				{
					"density": 1, "friction": 0, "bounce": 0, 
					"filter": { "categoryBits": 1, "maskBits": 65535 },
					"shape": [   3, 14  ,  8, 3  ,  20, 1  ,  28, 14  ]
				}  
		]
		
		, 
		"station": [
			
				{
					"density": 1, "friction": 0, "bounce": 0, 
					"filter": { "categoryBits": 3, "maskBits": 65535 },
					"shape": [   375, 192  ,  15, 193  ,  15, 153  ,  28, 119  ,  361, 120  ,  375, 150  ]
				}  
		]
		
		, 
		"tree1": [
			
				{
					"density": 0.6, "friction": 0, "bounce": 0, 
					"filter": { "categoryBits": 3, "maskBits": 65535 },
					"shape": [   59, 86  ,  70, 108  ,  20, 108  ,  25, 86  ]
				}  
		]
		
		, 
		"tree2": [
			
				{
					"density": 0.6, "friction": 0, "bounce": 0, 
					"filter": { "categoryBits": 3, "maskBits": 65535 },
					"shape": [   22, 84  ,  75, 85  ,  86, 110  ,  47, 115  ,  11, 111  ]
				}  
		]
		
		, 
		"platform": [
			
				{
					"density": 1, "friction": 0, "bounce": 0, 
					"filter": { "categoryBits": 1, "maskBits": 65535 },
					"shape": [   358, 34  ,  0, 34  ,  0, 0  ,  359, 0  ]
				}  
		]
		
		, 
		"river2": [
			
				{
					"density": 1, "friction": 0, "bounce": 0, 
					"filter": { "categoryBits": 1, "maskBits": 65535 },
					"shape": [   817, 155  ,  720, 238  ,  742, 128  ,  815, 0  ,  918, -1  ]
				}  ,
				{
					"density": 1, "friction": 0, "bounce": 0, 
					"filter": { "categoryBits": 1, "maskBits": 65535 },
					"shape": [   95, 659  ,  199, 629  ,  130, 721  ,  0, 720  ]
				}  ,
				{
					"density": 1, "friction": 0, "bounce": 0, 
					"filter": { "categoryBits": 1, "maskBits": 65535 },
					"shape": [   720, 238  ,  610, 347  ,  594, 214  ,  642, 161  ,  742, 128  ]
				}  ,
				{
					"density": 1, "friction": 0, "bounce": 0, 
					"filter": { "categoryBits": 1, "maskBits": 65535 },
					"shape": [   696, 390  ,  652, 422  ,  579, 386  ,  610, 347  ,  720, 238  ]
				}  ,
				{
					"density": 1, "friction": 0, "bounce": 0, 
					"filter": { "categoryBits": 1, "maskBits": 65535 },
					"shape": [   128, 611  ,  199, 629  ,  95, 659  ]
				}  ,
				{
					"density": 1, "friction": 0, "bounce": 0, 
					"filter": { "categoryBits": 1, "maskBits": 65535 },
					"shape": [   140, 524  ,  179, 476  ,  219, 587  ,  199, 629  ,  128, 611  ]
				}  ,
				{
					"density": 1, "friction": 0, "bounce": 0, 
					"filter": { "categoryBits": 1, "maskBits": 65535 },
					"shape": [   353, 426  ,  250, 555  ,  219, 587  ,  179, 476  ]
				}  ,
				{
					"density": 1, "friction": 0, "bounce": 0, 
					"filter": { "categoryBits": 1, "maskBits": 65535 },
					"shape": [   652, 422  ,  250, 555  ,  353, 426  ,  579, 386  ]
				}  
		]
		
		
		
		, 
		"riverbig2": [
			
				{
					"density": 1, "friction": 0, "bounce": 0, 
					"filter": { "categoryBits": 1, "maskBits": 65535 },
					"shape": [   79, 222  ,  68, 308  ,  0, 300  ,  0, 225  ]
				}  ,
				{
					"density": 1, "friction": 0,